{"r1_vehicle_count": 3, "r1_density": 40.0, "r2_vehicle_count": 0, "r2_density": 0.0, "weighted_vehicle_count": 3, "weighted_density": 20.0, "vdc1": 0, "timestamp": "2024-11-15 13:58:09.111960", "processing_time": 0.05159401893615723}